Date,v1,v2
2024-11-01 00:00:00,1.4125066075514234,0.5908609812353411
2024-11-01 01:00:00,1.0999343759798603,0.4733436140816816
2024-11-01 02:00:00,0.8613318835129758,0.3774886596464355
2024-11-01 03:00:00,0.7280967240482532,0.32156259684866795
2024-11-01 04:00:00,0.7153964386600975,0.3122899823628217
2024-11-01 05:00:00,0.8495893336834801,0.3553381899379823
2024-11-01 06:00:00,1.1843571202200303,0.45899812319721506
2024-11-01 07:00:00,1.7615730973101855,0.6204277554688831
2024-11-01 08:00:00,2.4897430783778645,0.8004497172299356
2024-11-01 09:00:00,3.1045494569170584,0.9322524560593811
2024-11-01 10:00:00,3.4169732269145925,0.9834831147533817
2024-11-01 11:00:00,3.508047192836216,0.9843727280617713
2024-11-01 12:00:00,3.5497688315464995,0.9806531446237929
2024-11-01 13:00:00,3.58003958174443,0.9872114534060461
2024-11-01 14:00:00,3.4869551960928646,0.9840285280369786
2024-11-01 15:00:00,3.1704557178401975,0.9432950744833575
2024-11-01 16:00:00,2.7012820354732288,0.8636010303550357
2024-11-01 17:00:00,2.258974885328327,0.7741628034005245
2024-11-01 18:00:00,1.9612448094132726,0.7068924140610938
2024-11-01 19:00:00,1.8142498450388012,0.6747018489240246
2024-11-01 20:00:00,1.754335184774097,0.6698420641779524
2024-11-01 21:00:00,1.6923609200565481,0.6698373774517029
2024-11-01 22:00:00,1.5582086255449272,0.6471670389962387
2024-11-01 23:00:00,1.3389307134310384,0.5851077530086697
2024-11-02 00:00:00,1.0255956266726654,0.47366031179639834
2024-11-02 01:00:00,0.7901663987744586,0.3759374586763874
2024-11-02 02:00:00,0.6126175244192207,0.2971939960977354
2024-11-02 03:00:00,0.513110274239407,0.25111413331574894
2024-11-02 04:00:00,0.49996562736080064,0.2420679087461378
2024-11-02 05:00:00,0.5893522586100728,0.2736078879975956
2024-11-02 06:00:00,0.8163037569816503,0.35137216243865876
2024-11-02 07:00:00,1.2076231440740972,0.4726128006611315
2024-11-02 08:00:00,1.6995369901335264,0.6073202429496194
2024-11-02 09:00:00,2.1126436276154408,0.7052110518058943
2024-11-02 10:00:00,2.3208477520081323,0.7425140389972865
2024-11-02 11:00:00,2.3811687797565195,0.7425309937019468
2024-11-02 12:00:00,2.4110144908473607,0.7398849432707583
2024-11-02 13:00:00,2.436281243487789,0.7458254160049885
2024-11-02 14:00:00,2.3806553251221847,0.7452496820955099
2024-11-02 15:00:00,2.174479079410861,0.7169658000956347
2024-11-02 16:00:00,1.8636225845298697,0.6594889177697383
2024-11-02 17:00:00,1.5697101049245161,0.5946346452066092
2024-11-02 18:00:00,1.374408901651495,0.5467194998662731
2024-11-02 19:00:00,1.2838082644424325,0.5259837699101357
2024-11-02 20:00:00,1.2550480995559212,0.5268906677413999
2024-11-02 21:00:00,1.2254360479106086,0.532136157863872
2024-11-02 22:00:00,1.1432839548556073,0.519719177278096
2024-11-02 23:00:00,0.9964853553996955,0.4753941380590994
2024-11-03 00:00:00,0.7749900475975868,0.3896614669499896
2024-11-03 01:00:00,0.6067851882710753,0.3133596978068057
2024-11-03 02:00:00,0.4784707554570292,0.2511566508539741
2024-11-03 03:00:00,0.4078879201149317,0.21527147357286408
2024-11-03 04:00:00,0.4047700916027834,0.21060015637550475
2024-11-03 05:00:00,0.4861978199906021,0.24166420166381597
2024-11-03 06:00:00,0.6865110969126572,0.3151585409327997
2024-11-03 07:00:00,1.0356858723211881,0.4305465644510091
2024-11-03 08:00:00,1.4867083596458173,0.5619777388901219
2024-11-03 09:00:00,1.885262499041089,0.6628267024026209
2024-11-03 10:00:00,2.1127532893802936,0.708789767726023
2024-11-03 11:00:00,2.211106360750237,0.719733916811596
2024-11-03 12:00:00,2.2832462865349363,0.7280152469201149
2024-11-03 13:00:00,2.3522664344641298,0.7446800614029453
2024-11-03 14:00:00,2.3425688491043504,0.7547321512143786
2024-11-03 15:00:00,2.179606630906115,0.7360667936068924
2024-11-03 16:00:00,1.9017785159537528,0.6859502220875436
2024-11-03 17:00:00,1.6297336477373046,0.6261986842644637
2024-11-03 18:00:00,1.450745165541219,0.5824902185673922
2024-11-03 19:00:00,1.3765931538163225,0.5665282619787924
2024-11-03 20:00:00,1.3659060891161015,0.5732430746345303
2024-11-03 21:00:00,1.3524044759811704,0.5843030926667456
2024-11-03 22:00:00,1.2782181367323198,0.5754356169848749
2024-11-03 23:00:00,1.1275052405117656,0.5302744355787432
2024-11-04 00:00:00,1.2114257166597666,0.5398023553064759
2024-11-04 01:00:00,0.9578939294611029,0.43652370091493264
2024-11-04 02:00:00,0.7619910103195684,0.3515002273558536
2024-11-04 03:00:00,0.6545969845845749,0.3024033219405628
2024-11-04 04:00:00,0.6538933670004826,0.29667978021838826
2024-11-04 05:00:00,0.7897812856229486,0.3411071866094853
2024-11-04 06:00:00,1.1201423076161086,0.445338089217742
2024-11-04 07:00:00,1.6956320600190251,0.6085712104122529
2024-11-04 08:00:00,2.4398658065159564,0.7939751588140566
2024-11-04 09:00:00,3.098293073257197,0.9353413530208998
2024-11-04 10:00:00,3.4737746436148678,0.9983374341441029
2024-11-04 11:00:00,3.633928438002601,1.0112354566409403
2024-11-04 12:00:00,3.7477197167574423,1.0197560439818574
2024-11-04 13:00:00,3.8530616818299896,1.0393972775113416
2024-11-04 14:00:00,3.826481939809288,1.049222100094241
2024-11-04 15:00:00,3.5479906595671142,1.0187973029161435
2024-11-04 16:00:00,3.0831728287541633,0.9449722997879741
2024-11-04 17:00:00,2.629981391067081,0.8583827906363782
2024-11-04 18:00:00,2.3292609357371825,0.794350948421193
2024-11-04 19:00:00,2.198086869675373,0.7684900765713135
2024-11-04 20:00:00,2.1683122094863676,0.7734119337956178
2024-11-04 21:00:00,2.133764961823141,0.7840638347554667
2024-11-04 22:00:00,2.0039567737128197,0.7679960455217055
2024-11-04 23:00:00,1.756207944395519,0.70394745962529
2024-11-05 00:00:00,1.3717513871889766,0.5777203353378733
2024-11-05 01:00:00,1.0774702438255184,0.4648140322412204
2024-11-05 02:00:00,0.8514298602569306,0.37244720865624664
2024-11-05 03:00:00,0.7266192710006202,0.31892287532318586
2024-11-05 04:00:00,0.7211332806949562,0.3114945220797952
2024-11-05 05:00:00,0.8654664965392813,0.3566391735672463
2024-11-05 06:00:00,1.2199049796586843,0.46379177288101464
2024-11-05 07:00:00,1.8356163541172337,0.6314862133381242
2024-11-05 08:00:00,2.6261134107675876,0.8211185650328741
2024-11-05 09:00:00,3.3164749926382147,0.9643704107065818
2024-11-05 10:00:00,3.6989618152081274,1.0264870538381248
2024-11-05 11:00:00,3.8503643176274887,1.037184495970068
2024-11-05 12:00:00,3.952458221002588,1.0436357719779223
2024-11-05 13:00:00,4.04586037959055,1.0616937311786239
2024-11-05 14:00:00,4.001661077547441,1.0699407132551808
2024-11-05 15:00:00,3.69648752512788,1.0374251472465308
2024-11-05 16:00:00,3.20110088656432,0.9610777240015566
2024-11-05 17:00:00,2.7219139259867133,0.8721187576123768
2024-11-05 18:00:00,2.4037065965765287,0.8063758420648663
2024-11-05 19:00:00,2.2623828980255474,0.7795775814550319
2024-11-05 20:00:00,2.226442943535579,0.7841219565425992
2024-11-05 21:00:00,2.1862961350079995,0.7945509673998756
2024-11-05 22:00:00,2.0493715956437084,0.7779708740313116
2024-11-05 23:00:00,1.7929509005966113,0.7128627997190264
2024-11-06 00:00:00,1.3983335286841592,0.5848756212939998
2024-11-06 01:00:00,1.0968796689827918,0.47045297640131206
2024-11-06 02:00:00,0.8657431404375577,0.3768745092736838
2024-11-06 03:00:00,0.7380650022832085,0.3226343014825364
2024-11-06 04:00:00,0.7318211826750664,0.31503637688131775
2024-11-06 05:00:00,0.8775850113429593,0.3605895970454805
2024-11-06 06:00:00,1.2361073235881601,0.46877708314022865
2024-11-06 07:00:00,1.858829379261607,0.6380425872613549
2024-11-06 08:00:00,2.657845232618332,0.8293090619825065
2024-11-06 09:00:00,3.3548894080297234,0.9735571946245009
2024-11-06 10:00:00,3.7401524680680422,1.0357654661740394
2024-11-06 11:00:00,3.891692531807208,1.0460188658651988
2024-11-06 12:00:00,3.993443362345345,1.0519519515629292
2024-11-06 13:00:00,4.08647149427785,1.0695496416222992
2024-11-06 14:00:00,4.0406097086873,1.0772374566258274
2024-11-06 15:00:00,3.731425202032194,1.043898516136495
2024-11-06 16:00:00,3.2305173342812665,0.9665276744859732
2024-11-06 17:00:00,2.7462574287363757,0.8765871526916815
2024-11-06 18:00:00,2.424644357373196,0.810093266600763
2024-11-06 19:00:00,2.2815850185046105,0.7828057840164855
2024-11-06 20:00:00,2.2448575954054113,0.7870441149553231
2024-11-06 21:00:00,2.2039101282579034,0.7972336459010907
2024-11-06 22:00:00,2.0654381593758,0.7803808769503682
2024-11-06 23:00:00,1.8066037245262772,0.7149280407090505
2024-11-07 00:00:00,1.4086455238783586,0.5865005736187697
2024-11-07 01:00:00,1.1046792570723765,0.47174346451321475
2024-11-07 02:00:00,0.8716418732650166,0.3779262422737443
2024-11-07 03:00:00,0.7428412385601206,0.3235755971507734
2024-11-07 04:00:00,0.7362639212581642,0.31601841049324564
2024-11-07 05:00:00,0.8824967200552599,0.3618084716140298
2024-11-07 06:00:00,1.2423279471224262,0.47050875451928287
2024-11-07 07:00:00,1.8669314579334655,0.6406221221463092
2024-11-07 08:00:00,2.667293963858478,0.8329646918197756
2024-11-07 09:00:00,3.3636092856494026,0.9781987996041128
2024-11-07 10:00:00,3.745640339323747,1.0410448711632079
2024-11-07 11:00:00,3.8922154424791837,1.051634909140512
2024-11-07 12:00:00,3.987749966733007,1.0577939547716935
2024-11-07 13:00:00,4.0732326952419875,1.075559201975104
2024-11-07 14:00:00,4.019054161185773,1.083195890639131
2024-11-07 15:00:00,3.702551476625599,1.0493851365579439
2024-11-07 16:00:00,3.196674101818369,0.9711255211733201
2024-11-07 17:00:00,2.708977548110327,0.8800924023034591
2024-11-07 18:00:00,2.3832838546141755,0.8124791266187665
2024-11-07 19:00:00,2.233787479982269,0.7840281280462615
2024-11-07 20:00:00,2.188135708530423,0.7868980231076691
2024-11-07 21:00:00,2.1377264323282135,0.7953781951945498
2024-11-07 22:00:00,1.9926294459307936,0.7765631400219457
2024-11-07 23:00:00,1.7326413664563507,0.7092765381188617
2024-11-08 00:00:00,1.3422941373059778,0.5798221215488667
2024-11-08 01:00:00,1.0453125571945947,0.4645000682757297
2024-11-08 02:00:00,0.8186017029038046,0.37043603550092014
2024-11-08 03:00:00,0.6920133400826524,0.3155550783857982
2024-11-08 04:00:00,0.6799797431537229,0.30645612045333853
2024-11-08 05:00:00,0.807574519484821,0.34870084872747037
2024-11-08 06:00:00,1.1258515519932768,0.45042571367442286
2024-11-08 07:00:00,1.6746519858826745,0.6088424244429698
2024-11-08 08:00:00,2.367033602402323,0.7855058874608898
2024-11-08 09:00:00,2.951718985468287,0.9148521323492876
2024-11-08 10:00:00,3.2489653943674717,0.9651316027320752
2024-11-08 11:00:00,3.3357736091027093,0.9660102708544355
2024-11-08 12:00:00,3.375665408829169,0.962366334273169
2024-11-08 13:00:00,3.40467670845845,0.9688092862080621
2024-11-08 14:00:00,3.3163755018521615,0.9656932469557048
2024-11-08 15:00:00,3.0155661062941084,0.925726630670247
2024-11-08 16:00:00,2.5694932066553755,0.8475246091998034
2024-11-08 17:00:00,2.148918178169677,0.7597587881373411
2024-11-08 18:00:00,1.865828705886051,0.6937473079499713
2024-11-08 19:00:00,1.7261124977244204,0.6621627441415373
2024-11-08 20:00:00,1.6692337945554385,0.6574010680341063
2024-11-08 21:00:00,1.6103887567447144,0.6574047084116167
2024-11-08 22:00:00,1.4828494040671831,0.635163544844217
2024-11-08 23:00:00,1.2742768782412544,0.5742633066128525
2024-11-09 00:00:00,0.9761502522350236,0.4648882314676994
2024-11-09 01:00:00,0.7521326392822157,0.36898082719793757
2024-11-09 02:00:00,0.5831781144151206,0.2916991588459911
2024-11-09 03:00:00,0.4884937282338516,0.24647538439182498
2024-11-09 04:00:00,0.47602029138651475,0.23760040191323423
2024-11-09 05:00:00,0.5611744175853532,0.2685631549090129
2024-11-09 06:00:00,0.7773432988885113,0.3449001154514307
2024-11-09 07:00:00,1.150088340486007,0.46391663982783216
2024-11-09 08:00:00,1.6187122802040763,0.5961575099824634
2024-11-09 09:00:00,2.01235737386394,0.6922635677130031
2024-11-09 10:00:00,2.210883714503639,0.728897487809888
2024-11-09 11:00:00,2.2685605264466417,0.7289304655820057
2024-11-09 12:00:00,2.297214308377338,0.7263496852593959
2024-11-09 13:00:00,2.3215132850056346,0.7321989576608945
2024-11-09 14:00:00,2.268730409172041,0.7316517380293752
2024-11-09 15:00:00,2.0724534336559657,0.7039017580658111
2024-11-09 16:00:00,1.7763610772491025,0.6474890567433613
2024-11-09 17:00:00,1.4963632479763276,0.5838305032692281
2024-11-09 18:00:00,1.3103230852534162,0.5368007342330429
2024-11-09 19:00:00,1.2240749584428652,0.5164558105721377
2024-11-09 20:00:00,1.1967796303994833,0.5173613041313027
2024-11-09 21:00:00,1.1686675913286957,0.5225274893387097
2024-11-09 22:00:00,1.0904394299232045,0.5103503054544297
2024-11-09 23:00:00,0.9505303911445172,0.4668389136622876
2024-11-10 00:00:00,0.7393318539923799,0.3826613574125138
2024-11-10 01:00:00,0.5789312971720512,0.3077404146482449
2024-11-10 02:00:00,0.4565588631355513,0.2466610958278559
2024-11-10 03:00:00,0.3892531209586628,0.21142550020545692
2024-11-10 04:00:00,0.38632259746662734,0.20684489847695564
2024-11-10 05:00:00,0.46409372811551575,0.23736354608043292
2024-11-10 06:00:00,0.6553779193629999,0.3095613194615636
2024-11-10 07:00:00,0.9888363065486421,0.4229158668252682
2024-11-10 08:00:00,1.4196287933562395,0.5520387226448153
2024-11-10 09:00:00,1.8004209776521605,0.6511294531031737
2024-11-10 10:00:00,2.0179239619800633,0.6963090441517257
2024-11-10 11:00:00,2.112126739924921,0.707089121569955
2024-11-10 12:00:00,2.1813129882740405,0.7152544862807579
2024-11-10 13:00:00,2.2475386822300085,0.7316579732926296
2024-11-10 14:00:00,2.238561442371735,0.7415660575192012
2024-11-10 15:00:00,2.0831057615289605,0.7232578687124835
2024-11-10 16:00:00,1.8178173040292016,0.6740433579865112
2024-11-10 17:00:00,1.5579896801230586,0.6153568174731776
2024-11-10 18:00:00,1.387066476923845,0.5724314400053669
2024-11-10 19:00:00,1.3163473350741943,0.5567711733440786
2024-11-10 20:00:00,1.306306336264034,0.5633971456358391
2024-11-10 21:00:00,1.2935720992676918,0.574294979262233
2024-11-10 22:00:00,1.2227830558031951,0.5656071985269122
2024-11-10 23:00:00,1.0787578008293457,0.5212434125584333
2024-11-11 00:00:00,1.1592141111112595,0.5306360006306605
2024-11-11 01:00:00,0.9167403082573293,0.42913324271099673
2024-11-11 02:00:00,0.7293589809087064,0.3455673332712653
2024-11-11 03:00:00,0.626655149223032,0.29731493016029814
2024-11-11 04:00:00,0.6260733423834819,0.29170343800920784
2024-11-11 05:00:00,0.7562916915419657,0.3354040139905274
2024-11-11 06:00:00,1.0728041457613544,0.43791655587674677
2024-11-11 07:00:00,1.624217381026749,0.5984631484813476
2024-11-11 08:00:00,2.337460637356776,0.7808322842661448
2024-11-11 09:00:00,2.968706278751305,0.9199117577058545
2024-11-11 10:00:00,3.328996068748138,0.9819263819982063
2024-11-11 11:00:00,3.483015882472121,0.9946716763446097
2024-11-11 12:00:00,3.592643842313495,1.0031133086133328
2024-11-11 13:00:00,3.694209619434395,1.022496600978365
2024-11-11 14:00:00,3.6693089936907923,1.0322257140795073
2024-11-11 15:00:00,3.402801854975477,1.002356772593243
2024-11-11 16:00:00,2.9574823999611466,0.9297822947929175
2024-11-11 17:00:00,2.5231763720703384,0.8446391356443672
2024-11-11 18:00:00,2.2350345401849814,0.7816835527034269
2024-11-11 19:00:00,2.109515091670787,0.7562850762087769
2024-11-11 20:00:00,2.081286243785656,0.7611797046254581
2024-11-11 21:00:00,2.048468619269319,0.7717154085099895
2024-11-11 22:00:00,1.9241740132500167,0.7559524958696023
2024-11-11 23:00:00,1.6865752140162318,0.6929563732565844
2024-11-12 00:00:00,1.317587555280205,0.5687400110004146
2024-11-12 01:00:00,1.0351044586307108,0.4576212593294281
2024-11-12 02:00:00,0.8180938078351252,0.36671010153876
2024-11-12 03:00:00,0.698291875842567,0.31403305403923915
2024-11-12 04:00:00,0.6931416231509117,0.30674112207598936
2024-11-12 05:00:00,0.8320196336107091,0.35122294781240415
2024-11-12 06:00:00,1.1729694547184042,0.45678252821877696
2024-11-12 07:00:00,1.7653080835857433,0.6219898182037229
2024-11-12 08:00:00,2.5259832640734006,0.8088324859396988
2024-11-12 09:00:00,3.190601926241116,0.9500145515689002
2024-11-12 10:00:00,3.5592226168006125,1.0112857256850214
2024-11-12 11:00:00,3.705587205716122,1.0219056270957474
2024-11-12 12:00:00,3.804546635679025,1.0283440934721697
2024-11-12 13:00:00,3.8951790283113326,1.0462219667709938
2024-11-12 14:00:00,3.85334805898224,1.0544347931197848
2024-11-12 15:00:00,3.560156416734908,1.0224747011723834
2024-11-12 16:00:00,3.083625206042232,0.9473063522407823
2024-11-12 17:00:00,2.622524139347004,0.8596943175669081
2024-11-12 18:00:00,2.3163806709210477,0.79495542864609
2024-11-12 19:00:00,2.1806122272649953,0.7686025241617385
2024-11-12 20:00:00,2.146388067618095,0.7731497591558387
2024-11-12 21:00:00,2.108096495869302,0.7835012015241223
2024-11-12 22:00:00,1.9764576661343571,0.7672192492069536
2024-11-12 23:00:00,1.729501662861368,0.7030734548406103
2024-11-13 00:00:00,1.349117009649853,0.5768955845105483
2024-11-13 01:00:00,1.0584846574869138,0.4640761092143967
2024-11-13 02:00:00,0.8356065695395465,0.3718000116657375
2024-11-13 03:00:00,0.7125167442124316,0.31831944276253454
2024-11-13 04:00:00,0.7066324577469394,0.31085200425299553
2024-11-13 05:00:00,0.8475521152078851,0.35583351306856975
2024-11-13 06:00:00,1.1940498726130195,0.4626377440264385
2024-11-13 07:00:00,1.7959545761186677,0.6297464625828623
2024-11-13 08:00:00,2.5684759287547454,0.8186046471723358
2024-11-13 09:00:00,3.2427574669343238,0.9610839745504237
2024-11-13 10:00:00,3.615900470902896,1.0225950983688525
2024-11-13 11:00:00,3.7631977046875584,1.0328198004258033
2024-11-13 12:00:00,3.86240531097065,1.0387811073752495
2024-11-13 13:00:00,3.953220497799702,1.0562641217423159
2024-11-13 14:00:00,3.9096885314747345,1.0639637023533062
2024-11-13 15:00:00,3.611296374225902,1.0311403256093172
2024-11-13 16:00:00,3.1271883549680513,0.9548128381346392
2024-11-13 17:00:00,2.6589931508996365,0.8660517854502741
2024-11-13 18:00:00,2.348110136198532,0.8004402604228444
2024-11-13 19:00:00,2.2100492313558817,0.7735589365179024
2024-11-13 20:00:00,2.174950569278452,0.777829255448451
2024-11-13 21:00:00,2.1357489638823495,0.7879832185050212
2024-11-13 22:00:00,2.0020027610112385,0.7714085611264037
2024-11-13 23:00:00,1.7515072905326512,0.7067844518062659
2024-11-14 00:00:00,1.3659907481623978,0.5798828304869339
2024-11-14 01:00:00,1.0714690792166786,0.46647157632348096
2024-11-14 02:00:00,0.8456279829165212,0.37374393912687
2024-11-14 03:00:00,0.7208343805818695,0.3200302391260277
2024-11-14 04:00:00,0.7146141958773755,0.312590743324748
2024-11-14 05:00:00,0.8567423910067702,0.35792436425951424
2024-11-14 06:00:00,1.206348665526741,0.4655103782794088
2024-11-14 07:00:00,1.8132797070247706,0.6338887511648383
2024-11-14 08:00:00,2.591239402928048,0.824304145918123
2024-11-14 09:00:00,3.2684573376177948,0.9681398987828067
2024-11-14 10:00:00,3.640527878326597,1.0304593528342856
2024-11-14 11:00:00,3.783873023722312,1.0410633435227847
2024-11-14 12:00:00,3.8776569118854,1.0472836066258202
2024-11-14 13:00:00,3.961711437444441,1.0649983311407043
2024-11-14 14:00:00,3.909939259453628,1.0726877228167182
2024-11-14 15:00:00,3.602883041706578,1.0393294416425738
2024-11-14 16:00:00,3.111363112036769,0.9619356459007675
2024-11-14 17:00:00,2.637311238047067,0.8718696607269685
2024-11-14 18:00:00,2.320789538698429,0.804986246443833
2024-11-14 19:00:00,2.175736049608947,0.7768929074136552
2024-11-14 20:00:00,2.131784664298384,0.7798328771616422
2024-11-14 21:00:00,2.083177547732654,0.7883347099052733
2024-11-14 22:00:00,1.9422544807657998,0.7697823123733942
2024-11-14 23:00:00,1.689250451141945,0.7031714696926444
2024-11-15 00:00:00,1.3089985885697895,0.5749038579860665
2024-11-15 01:00:00,1.0196335407025638,0.46061844124886037
2024-11-15 02:00:00,0.7986884183841236,0.3673873205349747
2024-11-15 03:00:00,0.67534601365484,0.3129981749559759
2024-11-15 04:00:00,0.6637664700991704,0.3040121375938509
2024-11-15 05:00:00,0.788514584717196,0.34596480137573954
2024-11-15 06:00:00,1.099553497997038,0.446949718338418
2024-11-15 07:00:00,1.6359432442881063,0.6042230275206549
2024-11-15 08:00:00,2.312899877716448,0.7796487271452921
2024-11-15 09:00:00,2.8849379525108594,0.9081506263950858
2024-11-15 10:00:00,3.1762590909611994,0.9581891705835155
2024-11-15 11:00:00,3.261948320398654,0.9591896638172925
2024-11-15 12:00:00,3.301793245497925,0.9556997586617562
2024-11-15 13:00:00,3.331015337410452,0.9622278820051084
2024-11-15 14:00:00,3.2454506998493553,0.9592630326071978
2024-11-15 15:00:00,2.9518278574100787,0.9196877863622891
2024-11-15 16:00:00,2.515827092180217,0.8421111216609163
2024-11-15 17:00:00,2.1045760331561696,0.7550096737811433
2024-11-15 18:00:00,1.8277980722272231,0.6895060252079646
2024-11-15 19:00:00,1.6913657054021178,0.6582058502147068
2024-11-15 20:00:00,1.636054784709697,0.653563682731455
2024-11-15 21:00:00,1.5787883789867747,0.6536587706113376
2024-11-15 22:00:00,1.4541292797669159,0.631633110254572
2024-11-15 23:00:00,1.2499217228884667,0.5711519910292215
2024-11-16 00:00:00,0.9577429860449629,0.4624350509501727
2024-11-16 01:00:00,0.7381426384712585,0.3670859950533297
2024-11-16 02:00:00,0.5724807269014689,0.290242677746445
2024-11-16 03:00:00,0.47965909590558564,0.2452799122836379
2024-11-16 04:00:00,0.4675342563258483,0.2364820530624924
2024-11-16 05:00:00,0.5513156876874928,0.2673377466352477
2024-11-16 06:00:00,0.7638887097804059,0.34337626917950936
2024-11-16 07:00:00,1.1304813614451465,0.461934308256607
2024-11-16 08:00:00,1.5915381897000835,0.593697011104251
2024-11-16 09:00:00,1.9791008635604856,0.6895077239616174
2024-11-16 10:00:00,2.174925327149851,0.7261028945222731
2024-11-16 11:00:00,2.232259413244256,0.7262432499094982
2024-11-16 12:00:00,2.261058783540237,0.7237795141848025
2024-11-16 13:00:00,2.2855870417462865,0.7297168921858629
2024-11-16 14:00:00,2.234219990712914,0.7292806520190257
2024-11-16 15:00:00,2.0414768782893287,0.7017259716269448
2024-11-16 16:00:00,1.7502809494910567,0.6455849184865603
2024-11-16 17:00:00,1.4747913052224024,0.5822015953567995
2024-11-16 18:00:00,1.2917816983424861,0.5353842577486384
2024-11-16 19:00:00,1.2070801944636067,0.5151714282904366
2024-11-16 20:00:00,1.180483300366085,0.5161534851426597
2024-11-16 21:00:00,1.15306655595653,0.5213874799695304
2024-11-16 22:00:00,1.0761747596493119,0.5093151316663809
2024-11-16 23:00:00,0.9383509560750194,0.4659638265173275
2024-11-17 00:00:00,0.7300572285425448,0.3820031287619159
2024-11-17 01:00:00,0.5718246322125782,0.30725871440069374
2024-11-17 02:00:00,0.4510774312912859,0.2463133177340514
2024-11-17 03:00:00,0.3846848249268017,0.2111603461674706
2024-11-17 04:00:00,0.38189311705455714,0.20661781727825923
2024-11-17 05:00:00,0.45889816126249405,0.23714016965224016
2024-11-17 06:00:00,0.6482185436383364,0.3093186696836322
2024-11-17 07:00:00,0.9783025816153501,0.4226510490092241
2024-11-17 08:00:00,1.4048917552748175,0.5517803454314052
2024-11-17 09:00:00,1.782220815298643,0.6509279495279636
2024-11-17 10:00:00,1.9980747724071963,0.6962042808022446
2024-11-17 11:00:00,2.0919269279324912,0.7070954780304242
2024-11-17 12:00:00,2.161047024082497,0.7153752646322151
2024-11-17 13:00:00,2.227271698340407,0.7318987997678
2024-11-17 14:00:00,2.2189878524790347,0.7419293184834356
2024-11-17 15:00:00,2.0654619262991663,0.7237286869931683
2024-11-17 16:00:00,1.8029187530371904,0.6745910061672461
2024-11-17 17:00:00,1.5456481022967727,0.6159564151388044
2024-11-17 18:00:00,1.3764597650516561,0.5730821151544713
2024-11-17 19:00:00,1.3066431858773777,0.5574946222034837
2024-11-17 20:00:00,1.297035517483761,0.5642210679128153
2024-11-17 21:00:00,1.284747728132521,0.5752286912734845
2024-11-17 22:00:00,1.2147784141965594,0.5666194231587947
2024-11-17 23:00:00,1.0719933383015114,0.5222617993994113
2024-11-18 00:00:00,1.1522648722279676,0.5317600218501207
2024-11-18 01:00:00,0.9114976515374693,0.43011298961816624
2024-11-18 02:00:00,0.7253893219086827,0.34641336806070927
2024-11-18 03:00:00,0.6234176022918649,0.2980920348525988
2024-11-18 04:00:00,0.6230118509235116,0.29251424458125935
2024-11-18 05:00:00,0.7528025660310986,0.3363920094170812
2024-11-18 06:00:00,1.0681515711738885,0.439279406833052
2024-11-18 07:00:00,1.6176228816327538,0.6004254268208727
2024-11-18 08:00:00,2.328617326564134,0.7835229491732031
2024-11-18 09:00:00,2.9582967635352726,0.9232355928705048
2024-11-18 10:00:00,3.3182451775398825,0.9856388564877778
2024-11-18 11:00:00,3.4727323676943747,0.9985993122726273
2024-11-18 12:00:00,3.5830319372464636,1.007242934332347
2024-11-18 13:00:00,3.68534950109452,1.0268782026744037
2024-11-18 14:00:00,3.6615252734150054,1.0368230820296942
2024-11-18 15:00:00,3.3965263237298116,1.0069903902594248
2024-11-18 16:00:00,2.9528475712319673,0.9342376640845567
2024-11-18 17:00:00,2.5199212169078358,0.8488295488772671
2024-11-18 18:00:00,2.232770265790349,0.7856941788437735
2024-11-18 19:00:00,2.107962263935795,0.7602937905458477
2024-11-18 20:00:00,2.080330546423929,0.7653437518117727
2024-11-18 21:00:00,2.0480951163009338,0.7760684235102278
2024-11-18 22:00:00,1.9243557341726767,0.7603453900283335
2024-11-18 23:00:00,1.6872011415680683,0.697101378916581
2024-11-19 00:00:00,1.3184409598961138,0.5722391009509479
2024-11-19 01:00:00,1.036061066840813,0.4605149125664864
2024-11-19 02:00:00,0.8190759308484549,0.36909162803488876
2024-11-19 03:00:00,0.6993230418896575,0.3161262437731804
2024-11-19 04:00:00,0.6943565214543285,0.30883826677425075
2024-11-19 05:00:00,0.8337074866291967,0.3536844370029779
2024-11-19 06:00:00,1.175672357519772,0.4600622030267797
2024-11-19 07:00:00,1.769862295094971,0.6265624863733128
2024-11-19 08:00:00,2.533195332440895,0.8149177506711482
2024-11-19 09:00:00,3.2005893165616497,0.9573253499794241
2024-11-19 10:00:00,3.5713422205797,1.0192420129190884
2024-11-19 11:00:00,3.7192228853859985,1.0301213607897426
2024-11-19 12:00:00,3.8195903718463553,1.0367886731677642
2024-11-19 13:00:00,3.9116488898595163,1.0549935914745272
2024-11-19 14:00:00,3.8706962696262233,1.0634569899912085
2024-11-19 15:00:00,3.577158550684991,1.0313996956368805
2024-11-19 16:00:00,3.0991942024750423,0.9557385624262591
2024-11-19 17:00:00,2.6364808676653704,0.867494941998128
2024-11-19 18:00:00,2.3293396256769565,0.8023057584045671
2024-11-19 19:00:00,2.1934053572550507,0.7758417864361108
2024-11-19 20:00:00,2.15956406867583,0.7805652409585891
2024-11-19 21:00:00,2.1216099120315386,0.7911511450900466
2024-11-19 22:00:00,1.989663226345863,0.7748425838654215
2024-11-19 23:00:00,1.741525540485429,0.7101807042208113
2024-11-20 00:00:00,1.3588611562879431,0.5828268307210649
2024-11-20 01:00:00,1.0664154428344212,0.46892745529072044
2024-11-20 02:00:00,0.8420926555261301,0.37575082841099583
2024-11-20 03:00:00,0.718239131603705,0.3217568323871207
2024-11-20 04:00:00,0.7124974228146558,0.3142623186058583
2024-11-20 05:00:00,0.8548139938772419,0.3597986024742162
2024-11-20 06:00:00,1.2046002128267,0.4678726141363636
2024-11-20 07:00:00,1.8123030938112108,0.6369805798833046
2024-11-20 08:00:00,2.5925416961910797,0.8281490338755444
2024-11-20 09:00:00,3.274004186410816,0.972454771341261
2024-11-20 10:00:00,3.6517032941299563,1.0348693014889128
2024-11-20 11:00:00,3.8014566197512965,1.0453940171863658
2024-11-20 12:00:00,3.902694599436321,1.0516060763752053
2024-11-20 13:00:00,3.9955006241202318,1.0694859669193253
2024-11-20 14:00:00,3.9525328307905454,1.0774641179291868
2024-11-20 15:00:00,3.651819743356217,1.0444006604409013
2024-11-20 16:00:00,3.163099280823956,0.967254802875769
2024-11-20 17:00:00,2.690223036222843,0.8774849932695545
2024-11-20 18:00:00,2.3763013472077636,0.8111438154631578
2024-11-20 19:00:00,2.23715808130932,0.7840348174899308
2024-11-20 20:00:00,2.2021934987433154,0.7884953221098322
2024-11-20 21:00:00,2.1630538441772353,0.7989224383536961
2024-11-20 22:00:00,2.028114705890143,0.7822486107540936
2024-11-20 23:00:00,1.7748030944304407,0.7168361822727867
2024-11-21 00:00:00,1.384509805421031,0.5882279429859337
2024-11-21 01:00:00,1.08626960945967,0.47326342050339054
2024-11-21 02:00:00,0.8575248122130952,0.3792487337450132
2024-11-21 03:00:00,0.7311590361911222,0.32479781466397717
2024-11-21 04:00:00,0.7250311253896886,0.3173000690548171
2024-11-21 05:00:00,0.8694478889993975,0.3633767629559729
2024-11-21 06:00:00,1.2245430856557815,0.4726797038289223
2024-11-21 07:00:00,1.8410838589034118,0.6437573292709667
2024-11-21 08:00:00,2.6316218021299056,0.8372748260809251
2024-11-21 09:00:00,3.320209897274638,0.9835352397496182
2024-11-21 10:00:00,3.699077858592179,1.0470170991254184
2024-11-21 11:00:00,3.8456668788873003,1.057964285943553
2024-11-21 12:00:00,3.9419406695637127,1.064459000248008
2024-11-21 13:00:00,4.028364220566118,1.0826402616565347
2024-11-21 14:00:00,3.9766802949064775,1.0906339164753396
2024-11-21 15:00:00,3.6652633888660358,1.0568885350006743
2024-11-21 16:00:00,3.165990870897031,0.9783450764456114
2024-11-21 17:00:00,2.6842554996532724,0.8868854213955829
2024-11-21 18:00:00,2.362660369944229,0.8189815707210839
2024-11-21 19:00:00,2.2155133894618744,0.7905263530233189
2024-11-21 20:00:00,2.1712693059306196,0.7936446038132299
2024-11-21 21:00:00,2.1222589954828477,0.802424735172222
2024-11-21 22:00:00,1.9791536459822945,0.7836651160876151
2024-11-21 23:00:00,1.7217426703367975,0.7159662480060308
2024-11-22 00:00:00,1.33448510701169,0.5854570496296967
2024-11-22 01:00:00,1.0397251469289,0.4691475266785538
2024-11-22 02:00:00,0.8146127929379874,0.3742487396274164
2024-11-22 03:00:00,0.6889680799075919,0.3188936247317504
2024-11-22 04:00:00,0.6773084662116898,0.3097865624315067
2024-11-22 05:00:00,0.8047831297389165,0.35259078403179633
2024-11-22 06:00:00,1.1224911824079205,0.4555802208111502
2024-11-22 07:00:00,1.6704433125664786,0.6159853406520133
2024-11-22 08:00:00,2.3622005636287797,0.7949480440657526
2024-11-22 09:00:00,2.947082703479528,0.9261132028379606
2024-11-22 10:00:00,3.245391974579574,0.977290353201552
2024-11-22 11:00:00,3.333674379254904,0.9784592690811695
2024-11-22 12:00:00,3.375128475026129,0.9750466275092704
2024-11-22 13:00:00,3.40573508283463,0.9818547071068617
2024-11-22 14:00:00,3.3189636929587465,0.9789761452361165
2024-11-22 15:00:00,3.0193344306782564,0.9387277542643203
2024-11-22 16:00:00,2.573908693217111,0.859672833359532
2024-11-22 17:00:00,2.1536174633523713,0.7708690233908329
2024-11-22 18:00:00,1.8707820416416516,0.7040931774832178
2024-11-22 19:00:00,1.731501861805295,0.6722294128762474
2024-11-22 20:00:00,1.6752251174222035,0.6675858023192911
2024-11-22 21:00:00,1.616920126381294,0.667779961497549
2024-11-22 22:00:00,1.4895544836441332,0.6453717996046481
2024-11-22 23:00:00,1.280631936319226,0.5836591411946637
2024-11-23 00:00:00,0.9814722746145463,0.47262917899730217
2024-11-23 01:00:00,0.7565825006406068,0.3752316607811168
2024-11-23 02:00:00,0.5868987814207977,0.2967252379510479
2024-11-23 03:00:00,0.49183649375124827,0.25079358775484073
2024-11-23 04:00:00,0.4794977952706091,0.24183187177257204
2024-11-23 05:00:00,0.5655330875688969,0.27342373134061104
2024-11-23 06:00:00,0.7837393009985139,0.35124199640892345
2024-11-23 07:00:00,1.1600806276233793,0.4725810196168364
2024-11-23 08:00:00,1.633519901856805,0.6074638963608406
2024-11-23 09:00:00,2.0316890992038683,0.7055924890794811
2024-11-23 10:00:00,2.233135021614978,0.7431420463520194
2024-11-23 11:00:00,2.2924293117437697,0.7433858168280935
2024-11-23 12:00:00,2.3224327354357426,0.7409631061289618
2024-11-23 13:00:00,2.3480557026390927,0.747140826066175
2024-11-23 14:00:00,2.2957005377014434,0.7467928690572943
2024-11-23 15:00:00,2.0980303595615934,0.7186708840069674
2024-11-23 16:00:00,1.799087938406704,0.6612604196860337
2024-11-23 17:00:00,1.516183743113066,0.5964153529321594
2024-11-23 18:00:00,1.328269952845615,0.5485256069300636
2024-11-23 19:00:00,1.2413910422292251,0.5278840925810153
2024-11-23 20:00:00,1.21424659856499,0.5289574932827399
2024-11-23 21:00:00,1.1862474350084484,0.5343886357967488
2024-11-23 22:00:00,1.1073294954081367,0.5220805323684667
2024-11-23 23:00:00,0.9656768287074172,0.47770195869787313
2024-11-24 00:00:00,0.7514414408409822,0.3916744372119463
2024-11-24 01:00:00,0.588670267340319,0.3150761953502338
2024-11-24 02:00:00,0.46444107172607146,0.2526108121286113
2024-11-24 03:00:00,0.3961449474705254,0.21658513295290255
2024-11-24 04:00:00,0.39333238725181924,0.21195118833522378
2024-11-24 05:00:00,0.4727181349170494,0.24329018718916867
2024-11-24 06:00:00,0.6678435249526044,0.3173778003150818
2024-11-24 07:00:00,1.008075454944854,0.43371343071485363
2024-11-24 08:00:00,1.4478665044175492,0.5662878089650367
2024-11-24 09:00:00,1.8370129793658507,0.6681185420906651
2024-11-24 10:00:00,2.0598079987439046,0.7146715007522986
2024-11-24 11:00:00,2.1568752893673286,0.7259330175464725
2024-11-24 12:00:00,2.2284633083752063,0.7345149958887416
2024-11-24 13:00:00,2.2970816682660526,0.7515633219613735
2024-11-24 14:00:00,2.2888606078880023,0.7619463706559171
2024-11-24 15:00:00,2.1307966628156647,0.7433348903153834
2024-11-24 16:00:00,1.8602039870466966,0.6929400488889175
2024-11-24 17:00:00,1.5949748618139987,0.6327774666141343
2024-11-24 18:00:00,1.420576869360231,0.5887939013429294
2024-11-24 19:00:00,1.3487001905811908,0.572838329425917
2024-11-24 20:00:00,1.338957095799635,0.5798092442223233
2024-11-24 21:00:00,1.326441850898171,0.5911808153525814
2024-11-24 22:00:00,1.2543599186540044,0.5823910715198136
2024-11-24 23:00:00,1.107059869148757,0.5368518673544299
2024-11-25 00:00:00,1.1901026801502916,0.5466688680817613
2024-11-25 01:00:00,0.9415424831004713,0.44221468372674455
2024-11-25 02:00:00,0.7493883574995608,0.3561940597185285
2024-11-25 03:00:00,0.6441179732851193,0.3065372894083736
2024-11-25 04:00:00,0.6437724565769183,0.30082945146948625
2024-11-25 05:00:00,0.7779757311696409,0.3459862736362217
2024-11-25 06:00:00,1.1039918342193804,0.4518490568259179
2024-11-25 07:00:00,1.6720814056572517,0.6176613360870044
2024-11-25 08:00:00,2.407268617698228,0.806085912914746
2024-11-25 09:00:00,3.0585359728509527,0.9499043543719583
2024-11-25 10:00:00,3.431032863816392,1.0141970450617832
2024-11-25 11:00:00,3.591132217339756,1.0276197090622872
2024-11-25 12:00:00,3.7055574606819777,1.0366006543907071
2024-11-25 13:00:00,3.81174167320833,1.056894690007616
2024-11-25 14:00:00,3.7874580627260244,1.0672162034568615
2024-11-25 15:00:00,3.513669462847696,1.0365911337551252
2024-11-25 16:00:00,3.0549645355411643,0.9617747695743504
2024-11-25 17:00:00,2.607296548631809,0.8739161631043502
2024-11-25 18:00:00,2.3103880134505035,0.8089757780636448
2024-11-25 19:00:00,2.1814246719099155,0.7828806335988845
2024-11-25 20:00:00,2.1530064275073952,0.7881378593201425
2024-11-25 21:00:00,2.119814095465558,0.7992389127319812
2024-11-25 22:00:00,1.9918964749968846,0.783101208326469
2024-11-25 23:00:00,1.7465502704269267,0.7180136438576563
2024-11-26 00:00:00,1.3649187868223944,0.5894452435833217
2024-11-26 01:00:00,1.0726608742777988,0.4743929430902032
2024-11-26 02:00:00,0.8480691654537007,0.38023903356757077
2024-11-26 03:00:00,0.7241258126851534,0.3256945035558325
2024-11-26 04:00:00,0.7190297275298808,0.3182055503179599
2024-11-26 05:00:00,0.8633864255741484,0.3644338816979669
2024-11-26 06:00:00,1.217598365879012,0.47407263522464216
2024-11-26 07:00:00,1.833084582403128,0.6456804510361822
2024-11-26 08:00:00,2.6238320009114484,0.8398298729299831
2024-11-26 09:00:00,3.3152833360770835,0.9866446496546033
2024-11-26 10:00:00,3.6995129691086195,1.0505133058546179
2024-11-26 11:00:00,3.8528908615324795,1.061781207290254
2024-11-26 12:00:00,3.9570517741712967,1.0687069875159745
2024-11-26 13:00:00,4.0526049553202,1.0875252505623607
2024-11-26 14:00:00,4.010347265182691,1.0963013192000075
2024-11-26 15:00:00,3.706368301507122,1.063302504269818
2024-11-26 16:00:00,3.211261567944738,0.9853445701785972
2024-11-26 17:00:00,2.7319140433740494,0.8944055716937108
2024-11-26 18:00:00,2.413735855066597,0.8272281847594913
2024-11-26 19:00:00,2.2729472070606365,0.7999738463638664
2024-11-26 20:00:00,2.237943209293715,0.8048748818609922
2024-11-26 21:00:00,2.1986698389243404,0.815820294178173
2024-11-26 22:00:00,2.061980540453251,0.7990311876488898
2024-11-26 23:00:00,1.8048633721457872,0.7323752370397567
2024-11-27 00:00:00,1.4083092995493571,0.6010604831262386
2024-11-27 01:00:00,1.1052406498604752,0.48361245464605007
2024-11-27 02:00:00,0.8727638383928328,0.38752904282029665
2024-11-27 03:00:00,0.7444085329831893,0.3318515828476258
2024-11-27 04:00:00,0.7384650838800344,0.32413023453026446
2024-11-27 05:00:00,0.8859753708069282,0.3711052771445613
2024-11-27 06:00:00,1.2485193737779052,0.48258632674033697
2024-11-27 07:00:00,1.8783843887318041,0.6570260815327487
2024-11-27 08:00:00,2.6870740630138563,0.8542269060022822
2024-11-27 09:00:00,3.3933786558479015,1.0030943467250826
2024-11-27 10:00:00,3.7848331424627877,1.0674924008754882
2024-11-27 11:00:00,3.9400198245567473,1.078364306103207
2024-11-27 12:00:00,4.044911259526071,1.0847860040817265
2024-11-27 13:00:00,4.141051605181484,1.1032421672715431
2024-11-27 14:00:00,4.0964615099890205,1.1114825144515557
2024-11-27 15:00:00,3.7847362405587113,1.0773834273277774
2024-11-27 16:00:00,3.278166003848777,0.9978072539826421
2024-11-27 17:00:00,2.788028275064321,0.9052058269866277
2024-11-27 18:00:00,2.462635308729658,0.836771065571012
2024-11-27 19:00:00,2.318376108276764,0.8088063625555824
2024-11-27 20:00:00,2.2820767970810216,0.813407197509626
2024-11-27 21:00:00,2.2414476217247747,0.8241617403637598
2024-11-27 22:00:00,2.1015473853122795,0.806957812253771
2024-11-27 23:00:00,1.8389976698306736,0.7394748408035607
2024-11-28 00:00:00,1.434532146522471,0.606800378207369
2024-11-28 01:00:00,1.1254703069887717,0.488201474861125
2024-11-28 02:00:00,0.8884319819564268,0.3912149952626143
2024-11-28 03:00:00,0.7574767875863773,0.3350417292588615
2024-11-28 04:00:00,0.7510918080579929,0.32730275535173875
2024-11-28 05:00:00,0.9006534885852708,0.37482588747636775
2024-11-28 06:00:00,1.2684254794713998,0.48756390796871174
2024-11-28 07:00:00,1.906953348582686,0.6640154498474639
2024-11-28 08:00:00,2.725614843001386,0.8636040426819116
2024-11-28 09:00:00,3.43858654786193,1.0144401346282
2024-11-28 10:00:00,3.8307181462897812,1.0798896138296465
2024-11-28 11:00:00,3.982259795411098,1.0911511484084724
2024-11-28 12:00:00,4.081672016660433,1.097818093819107
2024-11-28 13:00:00,4.170861170340516,1.1165350966309122
2024-11-28 14:00:00,4.117044432528585,1.12474269562951
2024-11-28 15:00:00,3.7943450730142754,1.0899047899886116
2024-11-28 16:00:00,3.2772301255883347,1.0088714767000586
2024-11-28 17:00:00,2.778341712143879,0.9145235891044513
2024-11-28 18:00:00,2.4452682743752736,0.8444702413696993
2024-11-28 19:00:00,2.292777358076565,0.8150957038453618
2024-11-28 20:00:00,2.2467893942284505,0.8182755127508498
2024-11-28 21:00:00,2.1958723928596733,0.8272908711276385
2024-11-28 22:00:00,2.047609542228121,0.807912033381337
2024-11-28 23:00:00,1.7811220031279955,0.7380825639220552
2024-11-29 00:00:00,1.3803709824110089,0.6035113845778564
2024-11-29 01:00:00,1.0753656803893579,0.4835897448713711
2024-11-29 02:00:00,0.8424482911124418,0.38574864900578915
2024-11-29 03:00:00,0.7124336106541471,0.32867412070326
2024-11-29 04:00:00,0.700299700246778,0.31926921274032727
2024-11-29 05:00:00,0.8320076179003065,0.36336191126545797
2024-11-29 06:00:00,1.1603292583587517,0.46946851117817556
2024-11-29 07:00:00,1.7265484758281744,0.6347231355576003
2024-11-29 08:00:00,2.4412451497654835,0.8190760388604725
2024-11-29 09:00:00,3.045323254925295,0.9541579090467713
2024-11-29 10:00:00,3.3531543351773685,1.0068149829127657
2024-11-29 11:00:00,3.4439253608026923,1.0079473872280635
2024-11-29 12:00:00,3.4862930275390718,1.0043584152981309
2024-11-29 13:00:00,3.517436959642409,1.0112952386568381
2024-11-29 14:00:00,3.4273519005676683,1.0082527440431552
2024-11-29 15:00:00,3.117503905032352,0.9667244361706767
2024-11-29 16:00:00,2.6572191125018865,0.8852402295128408
2024-11-29 17:00:00,2.2230032200188656,0.7937296419620024
2024-11-29 18:00:00,1.930771450605063,0.7249121350532333
2024-11-29 19:00:00,1.7867576029384038,0.6920462740151392
2024-11-29 20:00:00,1.7284216675249482,0.6872049292118877
2024-11-29 21:00:00,1.6680067078968268,0.6873426063779359
2024-11-29 22:00:00,1.536374774982153,0.6642166112678867
2024-11-29 23:00:00,1.3206736127290473,0.6006452695548277
2024-11-30 00:00:00,1.0119952035848028,0.4863371831510126
2024-11-30 01:00:00,0.7799824009720977,0.3860768385301241
2024-11-30 02:00:00,0.6049488559890448,0.30527078191041096
2024-11-30 03:00:00,0.5068763040886306,0.2579899630871708
2024-11-30 04:00:00,0.49407455394513144,0.24874519370902032
2024-11-30 05:00:00,0.5826226595689675,0.28121034465999784
2024-11-30 06:00:00,0.8072783447328505,0.3612057013258527
2024-11-30 07:00:00,1.1947059394647421,0.48593329025500465
2024-11-30 08:00:00,1.6819663174803248,0.6245571883395826
2024-11-30 09:00:00,2.0915534921998775,0.7253643280034778
2024-11-30 10:00:00,2.298499506435102,0.7638775136806423
2024-11-30 11:00:00,2.3590760232232744,0.7640379849416532
2024-11-30 12:00:00,2.389486188637059,0.7614566634171149
2024-11-30 13:00:00,2.415371942418615,0.7677116692269005
2024-11-30 14:00:00,2.361043258487695,0.7672590863381761
2024-11-30 15:00:00,2.1573092634673605,0.7382734823905366
2024-11-30 16:00:00,1.8495403437147715,0.6792102399418973
2024-11-30 17:00:00,1.5583782395130403,0.6125254292319396
2024-11-30 18:00:00,1.3649472137114242,0.5632678482660634
2024-11-30 19:00:00,1.275397112501334,0.5419990317385233
2024-11-30 20:00:00,1.247239562957642,0.5430273733050376
2024-11-30 21:00:00,1.218213131403639,0.5485273761864112
2024-11-30 22:00:00,1.1369168753227052,0.5358187032639858
2024-11-30 23:00:00,0.991257205639587,0.49020281235666135
